Filter,Item Name
leatherworking / equip,Abyssal Bodyarmor
leatherworking / equip,Abyssal Boots
leatherworking / equip,Abyssal Gloves
leatherworking / equip,Abyssal Hat
leatherworking / resources,Abyssal Leather
leatherworking / equip,Abyssal Leather Bow
forging / resources,Abyssal Leather Handle
crafting / equip,Abyssal Pouch
crafting / equip,Adamantite Axe
forging / resources,Adamantite Bar
forging / equip,Adamantite Bodyarmor
forging / equip,Adamantite Boots
crafting / equip,Adamantite Fishing Rod
forging / equip,Adamantite Gloves
forging / equip,Adamantite Helmet
crafting / equip,Adamantite Pickaxe
forging / equip,Adamantite Shield
forging / equip,Adamantite Sword
crafting / equip,Adamantite Trap
crafting / equip,Aether Basket
tailoring / resources,Aether Cloth
tailoring / equip,Aether Gloves
tailoring / equip,Aether Hat
tailoring / equip,Aether Robe
tailoring / equip,Aether Shoes
tailoring / equip,Aether Staff
cooking / resources,Angler Soup
crafting / equip,Arcane Basket
tailoring / resources,Arcane Cloth
tailoring / equip,Arcane Gloves
tailoring / equip,Arcane Hat
tailoring / equip,Arcane Robe
tailoring / equip,Arcane Shoes
tailoring / equip,Arcane Staff
crafting / equip,Astral Basket
tailoring / resources,Astral Cloth
tailoring / equip,Astral Gloves
tailoring / equip,Astral Hat
tailoring / equip,Astral Robe
tailoring / equip,Astral Shoes
tailoring / equip,Astral Staff
woodcraft / equip,Birch Charm
woodcraft / resources,Birch Plank
alchemy / resources,Briarthorn Resin
woodcraft / equip,Cedar Charm
woodcraft / resources,Cedar Plank
alchemy / resources,Celestial Attack Potion
crafting / equip,Celestial Basket
woodcraft / equip,Celestial Charm
alchemy / resources,Celestial Defense Potion
woodcraft / resources,Celestial Plank
alchemy / resources,Celestial Speed Potion
woodcraft / equip,Combat Exp Charm I
woodcraft / equip,Combat Exp Charm II
woodcraft / equip,Combat Exp Charm III
crafting / equip,Copper Axe
forging / resources,Copper Bar
forging / equip,Copper Bodyarmor
forging / equip,Copper Boots
crafting / equip,Copper Fishing Rod
tailoring / resources,Copper Gemstone
forging / equip,Copper Gloves
forging / equip,Copper Helmet
crafting / equip,Copper Pickaxe
forging / equip,Copper Shield
forging / equip,Copper Sword
crafting / equip,Copper Trap
alchemy / resources,Critical Hit Potion
alchemy / resources,Defense Penetration Potion
leatherworking / resources,Dragonhide Leather
crafting / equip,Dragonhide Pouch
woodcraft / equip,Dragonwood Charm
woodcraft / resources,Dragonwood Plank
alchemy / resources,Dreamvine Sap
woodcraft / equip,Ebony Charm
woodcraft / resources,Ebony Plank
woodcraft / equip,Eldertree Charm
woodcraft / resources,Eldertree Plank
alchemy / resources,Emberroot Essence
crafting / equip,Eternium Axe
forging / resources,Eternium Bar
forging / equip,Eternium Bodyarmor
forging / equip,Eternium Boots
crafting / equip,Eternium Fishing Rod
forging / equip,Eternium Gloves
forging / equip,Eternium Helmet
crafting / equip,Eternium Pickaxe
forging / equip,Eternium Shield
forging / equip,Eternium Sword
crafting / equip,Eternium Trap
crafting / equip,Etheric Basket
leatherworking / equip,Etheric Bowstring
tailoring / resources,Etheric Cloth
tailoring / equip,Etheric Gloves
tailoring / equip,Etheric Hat
tailoring / equip,Etheric Robe
tailoring / equip,Etheric Shoes
tailoring / equip,Etheric Staff
cooking / resources,Frosted Sawfish Filet
alchemy / resources,Frostleaf Distillate
crafting / equip,Gold Axe
forging / resources,Gold Bar
forging / equip,Gold Bodyarmor
forging / equip,Gold Boots
crafting / equip,Gold Fishing Rod
tailoring / resources,Gold Gemstone
forging / equip,Gold Gloves
forging / equip,Gold Helmet
crafting / equip,Gold Pickaxe
forging / equip,Gold Shield
forging / equip,Gold Sword
crafting / equip,Gold Trap
alchemy / resources,Grand Attack Potion
alchemy / resources,Grand Defense Potion
alchemy / resources,Grand Speed Potion
alchemy / resources,Greater Attack Potion
alchemy / resources,Greater Defense Potion
alchemy / resources,Greater Speed Potion
cooking / resources,Grilled Minnow
leatherworking / resources,Heavy Leather
leatherworking / equip,Heavy Leather Bodyarmor
leatherworking / equip,Heavy Leather Boots
leatherworking / equip,Heavy Leather Bow
leatherworking / equip,Heavy Leather Gloves
forging / resources,Heavy Leather Handle
leatherworking / equip,Heavy Leather Hat
crafting / equip,Heavy Leather Pouch
crafting / equip,Iron Axe
forging / resources,Iron Bar
forging / equip,Iron Bodyarmor
forging / equip,Iron Boots
crafting / equip,Iron Fishing Rod
tailoring / resources,Iron Gemstone
forging / equip,Iron Gloves
forging / equip,Iron Helmet
crafting / equip,Iron Pickaxe
forging / equip,Iron Shield
forging / equip,Iron Sword
crafting / equip,Iron Trap
woodcraft / equip,Ironwood Charm
woodcraft / resources,Ironwood Plank
leatherworking / resources,Leather
leatherworking / equip,Leather Bodyarmor
leatherworking / equip,Leather Boots
leatherworking / equip,Leather Bow
leatherworking / equip,Leather Gloves
forging / resources,Leather Handle
leatherworking / equip,Leather Hat
crafting / equip,Leather Pouch
cooking / resources,Leviathan Roast
alchemy / resources,Mighty Attack Potion
alchemy / resources,Mighty Defense Potion
alchemy / resources,Mighty Speed Potion
alchemy / resources,Minor Attack Potion
alchemy / resources,Minor Defense Potion
alchemy / resources,Minor Speed Potion
crafting / equip,Mithril Axe
forging / resources,Mithril Bar
forging / equip,Mithril Bodyarmor
forging / equip,Mithril Boots
crafting / equip,Mithril Fishing Rod
forging / equip,Mithril Gloves
forging / equip,Mithril Helmet
crafting / equip,Mithril Pickaxe
forging / equip,Mithril Shield
forging / equip,Mithril Sword
crafting / equip,Mithril Trap
crafting / equip,Moonlit Basket
leatherworking / equip,Moonlit Bowstring
tailoring / resources,Moonlit Cloth
tailoring / equip,Moonlit Gloves
tailoring / equip,Moonlit Hat
tailoring / equip,Moonlit Robe
tailoring / equip,Moonlit Shoes
tailoring / equip,Moonlit Staff
tailoring / equip,Mystic Gloves
tailoring / equip,Mystic Hat
tailoring / equip,Mystic Robe
tailoring / equip,Mystic Shoes
tailoring / resources,Mystweave Cloth
tailoring / equip,Mystweave Staff
crafting / equip,Nyxium Axe
forging / resources,Nyxium Bar
forging / equip,Nyxium Bodyarmor
forging / equip,Nyxium Boots
crafting / equip,Nyxium Fishing Rod
forging / equip,Nyxium Gloves
forging / equip,Nyxium Helmet
crafting / equip,Nyxium Pickaxe
forging / equip,Nyxium Shield
forging / equip,Nyxium Sword
crafting / equip,Nyxium Trap
woodcraft / equip,Oak Charm
woodcraft / resources,Oak Plank
woodcraft / equip,Pine Charm
woodcraft / resources,Pine Plank
crafting / equip,Platinum Amulet
crafting / equip,Platinum Axe
forging / resources,Platinum Bar
forging / equip,Platinum Bodyarmor
forging / equip,Platinum Boots
crafting / equip,Platinum Fishing Rod
tailoring / resources,Platinum Gemstone
forging / equip,Platinum Gloves
forging / equip,Platinum Helmet
crafting / equip,Platinum Pickaxe
crafting / equip,Platinum Ring
forging / equip,Platinum Shield
forging / equip,Platinum Sword
crafting / equip,Platinum Trap
alchemy / resources,Radiant Attack Potion
alchemy / resources,Radiant Defense Potion
alchemy / resources,Radiant Speed Potion
leatherworking / resources,Reinforced Leather
leatherworking / equip,Reinforced Leather Bodyarmor
leatherworking / equip,Reinforced Leather Boots
leatherworking / equip,Reinforced Leather Bow
leatherworking / equip,Reinforced Leather Gloves
forging / resources,Reinforced Leather Handle
leatherworking / equip,Reinforced Leather Hat
crafting / equip,Reinforced Leather Pouch
alchemy / resources,Resource Efficiency Potion
cooking / resources,Roasted Snapper
crafting / equip,Shadow Basket
leatherworking / equip,Shadow Bowstring
tailoring / resources,Shadow Cloth
tailoring / equip,Shadow Gloves
tailoring / equip,Shadow Hat
tailoring / equip,Shadow Robe
tailoring / equip,Shadow Shoes
tailoring / equip,Shadow Staff
alchemy / resources,Shadowbloom Essence
leatherworking / resources,Shadowhide Leather
crafting / equip,Shadowhide Pouch
cooking / resources,Shark Stew
crafting / equip,Silk Basket
leatherworking / equip,Silk Bowstring
tailoring / resources,Silk Cloth
tailoring / equip,Silk Gloves
tailoring / equip,Silk Hat
tailoring / equip,Silk Robe
tailoring / equip,Silk Shoes
tailoring / equip,Silk Staff
crafting / equip,Silver Axe
forging / resources,Silver Bar
forging / equip,Silver Bodyarmor
forging / equip,Silver Boots
crafting / equip,Silver Fishing Rod
tailoring / resources,Silver Gemstone
forging / equip,Silver Gloves
forging / equip,Silver Helmet
crafting / equip,Silver Pickaxe
forging / equip,Silver Shield
forging / equip,Silver Sword
crafting / equip,Silver Trap
cooking / resources,Spiced Sea Wyrm
cooking / resources,Spicy Barracuda
alchemy / resources,Spirit Attack Potion
alchemy / resources,Spirit Defense Potion
alchemy / resources,Spirit Speed Potion
alchemy / resources,Spiritthorn Powder
alchemy / resources,Starlotus Extract
cooking / resources,Stormray Filet
leatherworking / resources,Sturdy Leather
leatherworking / equip,Sturdy Leather Bodyarmor
leatherworking / equip,Sturdy Leather Boots
leatherworking / equip,Sturdy Leather Bow
leatherworking / equip,Sturdy Leather Gloves
forging / resources,Sturdy Leather Handle
leatherworking / equip,Sturdy Leather Hat
crafting / equip,Sturdy Leather Pouch
alchemy / resources,Sunpetal Infusion
alchemy / resources,Superior Attack Potion
alchemy / resources,Superior Defense Potion
alchemy / resources,Superior Speed Potion
alchemy / resources,Task Efficiency Potion I
alchemy / resources,Task Efficiency Potion II
alchemy / resources,Task Efficiency Potion III
leatherworking / resources,Thick Leather
leatherworking / equip,Thick Leather Bodyarmor
leatherworking / equip,Thick Leather Boots
leatherworking / equip,Thick Leather Bow
leatherworking / equip,Thick Leather Gloves
forging / resources,Thick Leather Handle
leatherworking / equip,Thick Leather Hat
crafting / equip,Thick Leather Pouch
leatherworking / resources,Tough Leather
leatherworking / equip,Tough Leather Bodyarmor
leatherworking / equip,Tough Leather Boots
leatherworking / equip,Tough Leather Bow
leatherworking / equip,Tough Leather Gloves
forging / resources,Tough Leather Handle
leatherworking / equip,Tough Leather Hat
crafting / equip,Tough Leather Pouch
alchemy / resources,Umbral Attack Potion
alchemy / resources,Umbral Defense Potion
alchemy / resources,Umbral Speed Potion
alchemy / resources,Whisperleaf Extract
crafting / equip,Wool Basket
leatherworking / equip,Wool Bowstring
tailoring / resources,Wool Cloth
tailoring / equip,Wool Gloves
tailoring / equip,Wool Hat
tailoring / equip,Wool Robe
tailoring / equip,Wool Shoes
tailoring / equip,Wool Staff